Time(s),CH1V
-5.000000e+01,-1.680000e-02
-4.995000e+01,-3.933333e-03
-4.990000e+01,6.866667e-03
-4.985000e+01,-6.066667e-03
-4.980000e+01,-2.006667e-02
-4.975000e+01,3.600000e-03
-4.970000e+01,-7.133333e-03
-4.965000e+01,-9.266667e-03
-4.960000e+01,6.866667e-03
-4.955000e+01,-6.066667e-03
-4.950000e+01,9.000001e-03
-4.945000e+01,1.113333e-02
-4.940000e+01,4.000000e-04
-4.935000e+01,1.653333e-02
-4.930000e+01,-1.146667e-02
-4.925000e+01,1.326667e-02
-4.920000e+01,-1.573333e-02
-4.915000e+01,1.220000e-02
-4.910000e+01,6.866667e-03
-4.905000e+01,-1.893333e-02
-4.900000e+01,6.866667e-03
-4.895000e+01,-3.933333e-03
-4.890000e+01,-9.266667e-03
-4.885000e+01,-2.326667e-02
-4.880000e+01,-1.033333e-02
-4.875000e+01,3.600000e-03
-4.870000e+01,-5.000000e-03
-4.865000e+01,-1.573333e-02
-4.860000e+01,-1.573333e-02
-4.855000e+01,-2.220000e-02
-4.850000e+01,-1.680000e-02
-4.845000e+01,-1.573333e-02
-4.840000e+01,-5.000000e-03
-4.835000e+01,-1.466667e-02
-4.830000e+01,-2.220000e-02
-4.825000e+01,-2.646667e-02
-4.820000e+01,-3.400000e-02
-4.815000e+01,-6.666667e-04
-4.810000e+01,-1.360000e-02
-4.805000e+01,2.533333e-03
-4.800000e+01,-6.666667e-04
-4.795000e+01,-1.146667e-02
-4.790000e+01,-6.066667e-03
-4.785000e+01,-1.786667e-02
-4.780000e+01,-1.146667e-02
-4.775000e+01,4.000000e-04
-4.770000e+01,-3.933333e-03
-4.765000e+01,-1.733333e-03
-4.760000e+01,-1.146667e-02
-4.755000e+01,-2.540000e-02
-4.750000e+01,-5.000000e-03
-4.745000e+01,-2.866667e-03
-4.740000e+01,-1.033333e-02
-4.735000e+01,-1.146667e-02
-4.730000e+01,-1.573333e-02
-4.725000e+01,-7.133333e-03
-4.720000e+01,-3.293333e-02
-4.715000e+01,-7.486667e-02
-4.710000e+01,-8.346666e-02
-4.705000e+01,-1.286000e-01
-4.700000e+01,-1.533333e-01
-4.695000e+01,-1.963333e-01
-4.690000e+01,-2.103333e-01
-4.685000e+01,-2.447333e-01
-4.680000e+01,-2.930667e-01
-4.675000e+01,-3.156667e-01
-4.670000e+01,-3.704667e-01
-4.665000e+01,-3.855333e-01
-4.660000e+01,-4.285333e-01
-4.655000e+01,-4.736667e-01
-4.650000e+01,-4.801333e-01
-4.645000e+01,-5.177333e-01
-4.640000e+01,-5.500000e-01
-4.635000e+01,-5.661333e-01
-4.630000e+01,-6.274000e-01
-4.625000e+01,-6.349334e-01
-4.620000e+01,-6.650667e-01
-4.615000e+01,-7.016000e-01
-4.610000e+01,-7.295333e-01
-4.605000e+01,-7.058667e-01
-4.600000e+01,-7.166667e-01
-4.595000e+01,-7.198667e-01
-4.590000e+01,-7.166667e-01
-4.585000e+01,-7.252667e-01
-4.580000e+01,-7.241333e-01
-4.575000e+01,-7.284667e-01
-4.570000e+01,-7.069333e-01
-4.565000e+01,-6.972667e-01
-4.560000e+01,-7.220000e-01
-4.555000e+01,-7.123333e-01
-4.550000e+01,-7.166667e-01
-4.545000e+01,-7.016000e-01
-4.540000e+01,-7.091333e-01
-4.535000e+01,-7.091333e-01
-4.530000e+01,-7.177333e-01
-4.525000e+01,-7.123333e-01
-4.520000e+01,-7.112667e-01
-4.515000e+01,-7.188000e-01
-4.510000e+01,-7.198667e-01
-4.505000e+01,-7.069333e-01
-4.500000e+01,-7.134000e-01
-4.495000e+01,-7.209333e-01
-4.490000e+01,-7.381334e-01
-4.485000e+01,-7.274000e-01
-4.480000e+01,-7.198667e-01
-4.475000e+01,-7.123333e-01
-4.470000e+01,-7.091333e-01
-4.465000e+01,-7.198667e-01
-4.460000e+01,-7.220000e-01
-4.455000e+01,-7.080667e-01
-4.450000e+01,-7.112667e-01
-4.445000e+01,-7.005333e-01
-4.440000e+01,-7.198667e-01
-4.435000e+01,-7.123333e-01
-4.430000e+01,-7.338667e-01
-4.425000e+01,-6.930000e-01
-4.420000e+01,-7.295333e-01
-4.415000e+01,-7.295333e-01
-4.410000e+01,-7.177333e-01
-4.405000e+01,-7.198667e-01
-4.400000e+01,-6.951333e-01
-4.395000e+01,-7.241333e-01
-4.390000e+01,-7.058667e-01
-4.385000e+01,-7.230667e-01
-4.380000e+01,-6.779333e-01
-4.375000e+01,-7.112667e-01
-4.370000e+01,-7.069333e-01
-4.365000e+01,-7.252667e-01
-4.360000e+01,-7.188000e-01
-4.355000e+01,-7.198667e-01
-4.350000e+01,-7.198667e-01
-4.345000e+01,-7.177333e-01
-4.340000e+01,-7.091333e-01
-4.335000e+01,-7.144667e-01
-4.330000e+01,-7.091333e-01
-4.325000e+01,-7.144667e-01
-4.320000e+01,-6.994666e-01
-4.315000e+01,-7.198667e-01
-4.310000e+01,-7.037333e-01
-4.305000e+01,-7.005333e-01
-4.300000e+01,-7.230667e-01
-4.295000e+01,-7.112667e-01
-4.290000e+01,-7.123333e-01
-4.285000e+01,-7.188000e-01
-4.280000e+01,-6.908666e-01
-4.275000e+01,-7.091333e-01
-4.270000e+01,-7.188000e-01
-4.265000e+01,-7.016000e-01
-4.260000e+01,-7.166667e-01
-4.255000e+01,-7.026667e-01
-4.250000e+01,-7.198667e-01
-4.245000e+01,-7.295333e-01
-4.240000e+01,-7.134000e-01
-4.235000e+01,-7.005333e-01
-4.230000e+01,-7.091333e-01
-4.225000e+01,-7.091333e-01
-4.220000e+01,-7.209333e-01
-4.215000e+01,-6.983333e-01
-4.210000e+01,-6.962000e-01
-4.205000e+01,-7.112667e-01
-4.200000e+01,-7.069333e-01
-4.195000e+01,-7.037333e-01
-4.190000e+01,-7.177333e-01
-4.185000e+01,-7.005333e-01
-4.180000e+01,-6.962000e-01
-4.175000e+01,-7.080667e-01
-4.170000e+01,-7.102000e-01
-4.165000e+01,-7.177333e-01
-4.160000e+01,-7.016000e-01
-4.155000e+01,-7.198667e-01
-4.150000e+01,-7.166667e-01
-4.145000e+01,-7.069333e-01
-4.140000e+01,-6.983333e-01
-4.135000e+01,-6.962000e-01
-4.130000e+01,-6.951333e-01
-4.125000e+01,-7.005333e-01
-4.120000e+01,-7.327334e-01
-4.115000e+01,-6.962000e-01
-4.110000e+01,-6.994666e-01
-4.105000e+01,-7.016000e-01
-4.100000e+01,-6.951333e-01
-4.095000e+01,-7.037333e-01
-4.090000e+01,-7.166667e-01
-4.085000e+01,-7.338667e-01
-4.080000e+01,-7.091333e-01
-4.075000e+01,-6.811333e-01
-4.070000e+01,-7.037333e-01
-4.065000e+01,-7.058667e-01
-4.060000e+01,-7.016000e-01
-4.055000e+01,-7.134000e-01
-4.050000e+01,-6.865333e-01
-4.045000e+01,-7.069333e-01
-4.040000e+01,-7.166667e-01
-4.035000e+01,-7.058667e-01
-4.030000e+01,-6.758000e-01
-4.025000e+01,-7.123333e-01
-4.020000e+01,-6.994666e-01
-4.015000e+01,-6.930000e-01
-4.010000e+01,-7.026667e-01
-4.005000e+01,-6.951333e-01
-4.000000e+01,-6.972667e-01
-3.995000e+01,-6.951333e-01
-3.990000e+01,-6.790000e-01
-3.985000e+01,-6.510667e-01
-3.980000e+01,-6.026667e-01
-3.975000e+01,-5.747333e-01
-3.970000e+01,-5.640000e-01
-3.965000e+01,-4.973333e-01
-3.960000e+01,-4.887334e-01
-3.955000e+01,-4.446667e-01
-3.950000e+01,-4.231333e-01
-3.945000e+01,-3.769333e-01
-3.940000e+01,-3.576000e-01
-3.935000e+01,-2.952667e-01
-3.930000e+01,-3.006000e-01
-3.925000e+01,-2.554667e-01
-3.920000e+01,-2.296667e-01
-3.915000e+01,-2.124667e-01
-3.910000e+01,-1.726667e-01
-3.905000e+01,-1.490667e-01
-3.900000e+01,-9.633333e-02
-3.895000e+01,-6.520000e-02
-3.890000e+01,-3.833333e-02
-3.885000e+01,1.220000e-02
-3.880000e+01,3.586667e-02
-3.875000e+01,5.626667e-02
-3.870000e+01,1.046667e-01
-3.865000e+01,1.272667e-01
-3.860000e+01,1.810000e-01
-3.855000e+01,1.852667e-01
-3.850000e+01,2.143333e-01
-3.845000e+01,2.594667e-01
-3.840000e+01,3.046000e-01
-3.835000e+01,3.282667e-01
-3.830000e+01,3.658667e-01
-3.825000e+01,4.056667e-01
-3.820000e+01,4.336000e-01
-3.815000e+01,4.562000e-01
-3.810000e+01,4.798667e-01
-3.805000e+01,5.400667e-01
-3.800000e+01,5.464666e-01
-3.795000e+01,6.045333e-01
-3.790000e+01,6.260667e-01
-3.785000e+01,6.432667e-01
-3.780000e+01,7.023333e-01
-3.775000e+01,6.959333e-01
-3.770000e+01,7.486000e-01
-3.765000e+01,7.980667e-01
-3.760000e+01,8.066667e-01
-3.755000e+01,8.378000e-01
-3.750000e+01,8.808000e-01
-3.745000e+01,8.926667e-01
-3.740000e+01,9.571334e-01
-3.735000e+01,9.829333e-01
-3.730000e+01,1.029133e+00
-3.725000e+01,1.056067e+00
-3.720000e+01,1.087200e+00
-3.715000e+01,1.118400e+00
-3.710000e+01,1.146333e+00
-3.705000e+01,1.172133e+00
-3.700000e+01,1.200067e+00
-3.695000e+01,1.247400e+00
-3.690000e+01,1.265667e+00
-3.685000e+01,1.295733e+00
-3.680000e+01,1.334467e+00
-3.675000e+01,1.375333e+00
-3.670000e+01,1.404333e+00
-3.665000e+01,1.422600e+00
-3.660000e+01,1.421533e+00
-3.655000e+01,1.426933e+00
-3.650000e+01,1.411867e+00
-3.645000e+01,1.412933e+00
-3.640000e+01,1.426933e+00
-3.635000e+01,1.411867e+00
-3.630000e+01,1.419400e+00
-3.625000e+01,1.417267e+00
-3.620000e+01,1.404333e+00
-3.615000e+01,1.392533e+00
-3.610000e+01,1.392533e+00
-3.605000e+01,1.408667e+00
-3.600000e+01,1.360267e+00
-3.595000e+01,1.404333e+00
-3.590000e+01,1.403267e+00
-3.585000e+01,1.395733e+00
-3.580000e+01,1.405400e+00
-3.575000e+01,1.382867e+00
-3.570000e+01,1.396800e+00
-3.565000e+01,1.394667e+00
-3.560000e+01,1.397867e+00
-3.555000e+01,1.400067e+00
-3.550000e+01,1.403267e+00
-3.545000e+01,1.390333e+00
-3.540000e+01,1.404333e+00
-3.535000e+01,1.403267e+00
-3.530000e+01,1.391467e+00
-3.525000e+01,1.386067e+00
-3.520000e+01,1.374267e+00
-3.515000e+01,1.389267e+00
-3.510000e+01,1.387133e+00
-3.505000e+01,1.390333e+00
-3.500000e+01,1.365667e+00
-3.495000e+01,1.383933e+00
-3.490000e+01,1.404333e+00
-3.485000e+01,1.383933e+00
-3.480000e+01,1.390333e+00
-3.475000e+01,1.392533e+00
-3.470000e+01,1.400067e+00
-3.465000e+01,1.398933e+00
-3.460000e+01,1.379600e+00
-3.455000e+01,1.394667e+00
-3.450000e+01,1.401133e+00
-3.445000e+01,1.362400e+00
-3.440000e+01,1.378533e+00
-3.435000e+01,1.395733e+00
-3.430000e+01,1.360267e+00
-3.425000e+01,1.380667e+00
-3.420000e+01,1.380667e+00
-3.415000e+01,1.360267e+00
-3.410000e+01,1.398933e+00
-3.405000e+01,1.365667e+00
-3.400000e+01,1.390333e+00
-3.395000e+01,1.392533e+00
-3.390000e+01,1.382867e+00
-3.385000e+01,1.379600e+00
-3.380000e+01,1.385000e+00
-3.375000e+01,1.369933e+00
-3.370000e+01,1.368867e+00
-3.365000e+01,1.385000e+00
-3.360000e+01,1.389267e+00
-3.355000e+01,1.369933e+00
-3.350000e+01,1.387133e+00
-3.345000e+01,1.391467e+00
-3.340000e+01,1.378533e+00
-3.335000e+01,1.391467e+00
-3.330000e+01,1.369933e+00
-3.325000e+01,1.377467e+00
-3.320000e+01,1.368867e+00
-3.315000e+01,1.360267e+00
-3.310000e+01,1.371000e+00
-3.305000e+01,1.366733e+00
-3.300000e+01,1.361333e+00
-3.295000e+01,1.374267e+00
-3.290000e+01,1.368867e+00
-3.285000e+01,1.378533e+00
-3.280000e+01,1.379600e+00
-3.275000e+01,1.360267e+00
-3.270000e+01,1.363467e+00
-3.265000e+01,1.381733e+00
-3.260000e+01,1.355933e+00
-3.255000e+01,1.375333e+00
-3.250000e+01,1.387133e+00
-3.245000e+01,1.353800e+00
-3.240000e+01,1.350600e+00
-3.235000e+01,1.359200e+00
-3.230000e+01,1.371000e+00
-3.225000e+01,1.371000e+00
-3.220000e+01,1.400067e+00
-3.215000e+01,1.371000e+00
-3.210000e+01,1.363467e+00
-3.205000e+01,1.373133e+00
-3.200000e+01,1.374267e+00
-3.195000e+01,1.372067e+00
-3.190000e+01,1.374267e+00
-3.185000e+01,1.386067e+00
-3.180000e+01,1.378533e+00
-3.175000e+01,1.371000e+00
-3.170000e+01,1.355933e+00
-3.165000e+01,1.368867e+00
-3.160000e+01,1.363467e+00
-3.155000e+01,1.363467e+00
-3.150000e+01,1.357067e+00
-3.145000e+01,1.360267e+00
-3.140000e+01,1.349533e+00
-3.135000e+01,1.343067e+00
-3.130000e+01,1.307600e+00
-3.125000e+01,1.297933e+00
-3.120000e+01,1.253867e+00
-3.115000e+01,1.231267e+00
-3.110000e+01,1.194733e+00
-3.105000e+01,1.156000e+00
-3.100000e+01,1.121600e+00
-3.095000e+01,1.095800e+00
-3.090000e+01,1.037733e+00
-3.085000e+01,1.032400e+00
-3.080000e+01,9.872667e-01
-3.075000e+01,9.689333e-01
-3.070000e+01,9.195334e-01
-3.065000e+01,8.904667e-01
-3.060000e+01,8.399333e-01
-3.055000e+01,8.184667e-01
-3.050000e+01,7.819334e-01
-3.045000e+01,7.776000e-01
-3.040000e+01,7.281333e-01
-3.035000e+01,6.862667e-01
-3.030000e+01,6.787333e-01
-3.025000e+01,6.249334e-01
-3.020000e+01,6.088667e-01
-3.015000e+01,6.045333e-01
-3.010000e+01,6.142000e-01
-3.005000e+01,5.916667e-01
-3.000000e+01,6.002667e-01
-2.995000e+01,6.034667e-01
-2.990000e+01,5.970000e-01
-2.985000e+01,5.916667e-01
-2.980000e+01,6.152667e-01
-2.975000e+01,6.002667e-01
-2.970000e+01,6.282000e-01
-2.965000e+01,5.980667e-01
-2.960000e+01,6.045333e-01
-2.955000e+01,6.249334e-01
-2.950000e+01,6.271334e-01
-2.945000e+01,5.991333e-01
-2.940000e+01,6.088667e-01
-2.935000e+01,6.056000e-01
-2.930000e+01,6.152667e-01
-2.925000e+01,6.002667e-01
-2.920000e+01,6.099333e-01
-2.915000e+01,6.088667e-01
-2.910000e+01,6.066667e-01
-2.905000e+01,6.142000e-01
-2.900000e+01,6.228000e-01
-2.895000e+01,5.991333e-01
-2.890000e+01,5.916667e-01
-2.885000e+01,6.120667e-01
-2.880000e+01,6.142000e-01
-2.875000e+01,6.174667e-01
-2.870000e+01,6.303334e-01
-2.865000e+01,6.152667e-01
-2.860000e+01,6.303334e-01
-2.855000e+01,6.206667e-01
-2.850000e+01,6.196000e-01
-2.845000e+01,6.045333e-01
-2.840000e+01,6.217334e-01
-2.835000e+01,5.894667e-01
-2.830000e+01,6.088667e-01
-2.825000e+01,5.948667e-01
-2.820000e+01,6.088667e-01
-2.815000e+01,6.174667e-01
-2.810000e+01,6.002667e-01
-2.805000e+01,6.152667e-01
-2.800000e+01,6.120667e-01
-2.795000e+01,6.282000e-01
-2.790000e+01,5.948667e-01
-2.785000e+01,6.120667e-01
-2.780000e+01,6.045333e-01
-2.775000e+01,6.260667e-01
-2.770000e+01,6.271334e-01
-2.765000e+01,6.002667e-01
-2.760000e+01,6.120667e-01
-2.755000e+01,6.249334e-01
-2.750000e+01,6.142000e-01
-2.745000e+01,6.196000e-01
-2.740000e+01,6.206667e-01
-2.735000e+01,6.142000e-01
-2.730000e+01,6.034667e-01
-2.725000e+01,6.034667e-01
-2.720000e+01,6.142000e-01
-2.715000e+01,6.034667e-01
-2.710000e+01,6.099333e-01
-2.705000e+01,6.152667e-01
-2.700000e+01,6.066667e-01
-2.695000e+01,6.066667e-01
-2.690000e+01,6.110000e-01
-2.685000e+01,5.905333e-01
-2.680000e+01,5.991333e-01
-2.675000e+01,6.120667e-01
-2.670000e+01,5.948667e-01
-2.665000e+01,5.884000e-01
-2.660000e+01,6.099333e-01
-2.655000e+01,6.002667e-01
-2.650000e+01,6.088667e-01
-2.645000e+01,6.238667e-01
-2.640000e+01,5.991333e-01
-2.635000e+01,6.066667e-01
-2.630000e+01,6.024000e-01
-2.625000e+01,6.077334e-01
-2.620000e+01,6.088667e-01
-2.615000e+01,6.120667e-01
-2.610000e+01,6.260667e-01
-2.605000e+01,6.066667e-01
-2.600000e+01,6.217334e-01
-2.595000e+01,6.034667e-01
-2.590000e+01,5.938000e-01
-2.585000e+01,6.249334e-01
-2.580000e+01,6.120667e-01
-2.575000e+01,6.120667e-01
-2.570000e+01,6.152667e-01
-2.565000e+01,6.045333e-01
-2.560000e+01,5.927333e-01
-2.555000e+01,6.174667e-01
-2.550000e+01,6.066667e-01
-2.545000e+01,6.131333e-01
-2.540000e+01,6.206667e-01
-2.535000e+01,6.120667e-01
-2.530000e+01,6.045333e-01
-2.525000e+01,6.088667e-01
-2.520000e+01,6.314000e-01
-2.515000e+01,5.970000e-01
-2.510000e+01,5.916667e-01
-2.505000e+01,5.980667e-01
-2.500000e+01,6.066667e-01
-2.495000e+01,5.916667e-01
-2.490000e+01,6.142000e-01
-2.485000e+01,6.228000e-01
-2.480000e+01,6.056000e-01
-2.475000e+01,6.002667e-01
-2.470000e+01,6.110000e-01
-2.465000e+01,6.034667e-01
-2.460000e+01,6.088667e-01
-2.455000e+01,6.131333e-01
-2.450000e+01,6.152667e-01
-2.445000e+01,6.142000e-01
-2.440000e+01,6.066667e-01
-2.435000e+01,6.099333e-01
-2.430000e+01,6.217334e-01
-2.425000e+01,5.712000e-01
-2.420000e+01,5.680000e-01
-2.415000e+01,5.164000e-01
-2.410000e+01,4.970667e-01
-2.405000e+01,4.551333e-01
-2.400000e+01,4.293333e-01
-2.395000e+01,3.766667e-01
-2.390000e+01,3.476000e-01
-2.385000e+01,3.261333e-01
-2.380000e+01,2.842000e-01
-2.375000e+01,2.637333e-01
-2.370000e+01,2.154000e-01
-2.365000e+01,2.132667e-01
-2.360000e+01,1.584000e-01
-2.355000e+01,1.186667e-01
-2.350000e+01,8.960000e-02
-2.345000e+01,5.200000e-02
-2.340000e+01,5.733334e-03
-2.335000e+01,-1.253333e-02
-2.330000e+01,-4.800000e-02
-2.325000e+01,-6.733333e-02
-2.320000e+01,-1.114000e-01
-2.315000e+01,-1.254000e-01
-2.310000e+01,-1.501333e-01
-2.305000e+01,-1.995333e-01
-2.300000e+01,-2.318000e-01
-2.295000e+01,-2.554667e-01
-2.290000e+01,-3.113333e-01
-2.285000e+01,-2.844667e-01
-2.280000e+01,-2.802000e-01
-2.275000e+01,-3.167333e-01
-2.270000e+01,-2.909333e-01
-2.265000e+01,-3.006000e-01
-2.260000e+01,-2.952667e-01
-2.255000e+01,-2.984667e-01
-2.250000e+01,-3.006000e-01
-2.245000e+01,-2.984667e-01
-2.240000e+01,-2.952667e-01
-2.235000e+01,-2.920000e-01
-2.230000e+01,-2.984667e-01
-2.225000e+01,-2.941333e-01
-2.220000e+01,-2.866667e-01
-2.215000e+01,-3.070667e-01
-2.210000e+01,-2.974000e-01
-2.205000e+01,-2.930667e-01
-2.200000e+01,-2.716000e-01
-2.195000e+01,-2.844667e-01
-2.190000e+01,-2.909333e-01
-2.185000e+01,-2.802000e-01
-2.180000e+01,-2.984667e-01
-2.175000e+01,-2.888000e-01
-2.170000e+01,-2.791333e-01
-2.165000e+01,-3.188667e-01
-2.160000e+01,-2.769333e-01
-2.155000e+01,-2.930667e-01
-2.150000e+01,-3.016667e-01
-2.145000e+01,-2.823333e-01
-2.140000e+01,-2.812667e-01
-2.135000e+01,-2.844667e-01
-2.130000e+01,-2.716000e-01
-2.125000e+01,-2.877333e-01
-2.120000e+01,-2.705333e-01
-2.115000e+01,-2.930667e-01
-2.110000e+01,-2.844667e-01
-2.105000e+01,-2.963333e-01
-2.100000e+01,-2.758667e-01
-2.095000e+01,-2.898667e-01
-2.090000e+01,-3.006000e-01
-2.085000e+01,-2.941333e-01
-2.080000e+01,-2.769333e-01
-2.075000e+01,-2.984667e-01
-2.070000e+01,-2.812667e-01
-2.065000e+01,-2.630000e-01
-2.060000e+01,-2.844667e-01
-2.055000e+01,-2.791333e-01
-2.050000e+01,-2.791333e-01
-2.045000e+01,-2.716000e-01
-2.040000e+01,-3.038667e-01
-2.035000e+01,-2.769333e-01
-2.030000e+01,-2.844667e-01
-2.025000e+01,-2.791333e-01
-2.020000e+01,-2.802000e-01
-2.015000e+01,-2.898667e-01
-2.010000e+01,-2.844667e-01
-2.005000e+01,-3.006000e-01
-2.000000e+01,-2.823333e-01
-1.995000e+01,-2.737333e-01
-1.990000e+01,-3.113333e-01
-1.985000e+01,-2.630000e-01
-1.980000e+01,-2.844667e-01
-1.975000e+01,-2.920000e-01
-1.970000e+01,-2.866667e-01
-1.965000e+01,-2.974000e-01
-1.960000e+01,-2.844667e-01
-1.955000e+01,-2.823333e-01
-1.950000e+01,-2.855333e-01
-1.945000e+01,-2.651334e-01
-1.940000e+01,-2.920000e-01
-1.935000e+01,-2.823333e-01
-1.930000e+01,-2.802000e-01
-1.925000e+01,-2.930667e-01
-1.920000e+01,-2.769333e-01
-1.915000e+01,-3.070667e-01
-1.910000e+01,-2.802000e-01
-1.905000e+01,-2.844667e-01
-1.900000e+01,-3.124667e-01
-1.895000e+01,-2.662000e-01
-1.890000e+01,-2.834000e-01
-1.885000e+01,-2.737333e-01
-1.880000e+01,-2.716000e-01
-1.875000e+01,-2.737333e-01
-1.870000e+01,-2.866667e-01
-1.865000e+01,-2.834000e-01
-1.860000e+01,-2.898667e-01
-1.855000e+01,-2.984667e-01
-1.850000e+01,-2.737333e-01
-1.845000e+01,-2.877333e-01
-1.840000e+01,-3.049333e-01
-1.835000e+01,-2.683333e-01
-1.830000e+01,-2.651334e-01
-1.825000e+01,-2.877333e-01
-1.820000e+01,-2.930667e-01
-1.815000e+01,-2.758667e-01
-1.810000e+01,-2.930667e-01
-1.805000e+01,-2.662000e-01
-1.800000e+01,-2.898667e-01
-1.795000e+01,-2.920000e-01
-1.790000e+01,-2.769333e-01
-1.785000e+01,-3.006000e-01
-1.780000e+01,-2.672667e-01
-1.775000e+01,-2.812667e-01
-1.770000e+01,-2.898667e-01
-1.765000e+01,-2.769333e-01
-1.760000e+01,-2.758667e-01
-1.755000e+01,-2.834000e-01
-1.750000e+01,-2.769333e-01
-1.745000e+01,-2.758667e-01
-1.740000e+01,-2.888000e-01
-1.735000e+01,-2.898667e-01
-1.730000e+01,-2.705333e-01
-1.725000e+01,-2.705333e-01
-1.720000e+01,-2.941333e-01
-1.715000e+01,-2.920000e-01
-1.710000e+01,-2.963333e-01
-1.705000e+01,-2.952667e-01
-1.700000e+01,-2.780667e-01
-1.695000e+01,-2.780667e-01
-1.690000e+01,-2.737333e-01
-1.685000e+01,-2.662000e-01
-1.680000e+01,-3.006000e-01
-1.675000e+01,-2.737333e-01
-1.670000e+01,-2.812667e-01
-1.665000e+01,-2.640667e-01
-1.660000e+01,-2.597333e-01
-1.655000e+01,-2.436667e-01
-1.650000e+01,-1.974000e-01
-1.645000e+01,-1.694667e-01
-1.640000e+01,-1.382667e-01
-1.635000e+01,-9.746667e-02
-1.630000e+01,-6.840000e-02
-1.625000e+01,-3.186667e-02
-1.620000e+01,-1.146667e-02
-1.615000e+01,1.546667e-02
-1.610000e+01,6.060000e-02
-1.605000e+01,1.025333e-01
-1.600000e+01,1.175333e-01
-1.595000e+01,1.842000e-01
-1.590000e+01,1.885333e-01
-1.585000e+01,2.024667e-01
-1.580000e+01,2.573333e-01
-1.575000e+01,3.078667e-01
-1.570000e+01,3.056667e-01
-1.565000e+01,3.486667e-01
-1.560000e+01,3.820000e-01
-1.555000e+01,4.346667e-01
-1.550000e+01,4.454667e-01
-1.545000e+01,4.981333e-01
-1.540000e+01,5.271333e-01
-1.535000e+01,5.518667e-01
-1.530000e+01,5.841333e-01
-1.525000e+01,6.217334e-01
-1.520000e+01,6.561334e-01
-1.515000e+01,6.851333e-01
-1.510000e+01,6.507334e-01
-1.505000e+01,6.991333e-01
-1.500000e+01,6.496667e-01
-1.495000e+01,6.679333e-01
-1.490000e+01,6.658000e-01
-1.485000e+01,6.550667e-01
-1.480000e+01,6.626000e-01
-1.475000e+01,6.507334e-01
-1.470000e+01,6.636667e-01
-1.465000e+01,6.572000e-01
-1.460000e+01,6.475334e-01
-1.455000e+01,6.389334e-01
-1.450000e+01,6.550667e-01
-1.445000e+01,6.518667e-01
-1.440000e+01,6.561334e-01
-1.435000e+01,6.228000e-01
-1.430000e+01,6.518667e-01
-1.425000e+01,6.550667e-01
-1.420000e+01,6.464667e-01
-1.415000e+01,6.679333e-01
-1.410000e+01,6.572000e-01
-1.405000e+01,6.604667e-01
-1.400000e+01,6.529334e-01
-1.395000e+01,6.582667e-01
-1.390000e+01,6.486000e-01
-1.385000e+01,6.496667e-01
-1.380000e+01,6.496667e-01
-1.375000e+01,6.496667e-01
-1.370000e+01,6.550667e-01
-1.365000e+01,6.626000e-01
-1.360000e+01,6.744000e-01
-1.355000e+01,6.550667e-01
-1.350000e+01,6.550667e-01
-1.345000e+01,6.679333e-01
-1.340000e+01,6.443334e-01
-1.335000e+01,6.572000e-01
-1.330000e+01,6.432667e-01
-1.325000e+01,6.604667e-01
-1.320000e+01,6.572000e-01
-1.315000e+01,6.410667e-01
-1.310000e+01,6.582667e-01
-1.305000e+01,6.410667e-01
-1.300000e+01,6.421334e-01
-1.295000e+01,6.604667e-01
-1.290000e+01,6.357334e-01
-1.285000e+01,6.540000e-01
-1.280000e+01,6.593333e-01
-1.275000e+01,6.701334e-01
-1.270000e+01,6.540000e-01
-1.265000e+01,6.475334e-01
-1.260000e+01,6.400000e-01
-1.255000e+01,6.604667e-01
-1.250000e+01,6.658000e-01
-1.245000e+01,6.357334e-01
-1.240000e+01,6.798000e-01
-1.235000e+01,6.529334e-01
-1.230000e+01,6.550667e-01
-1.225000e+01,6.561334e-01
-1.220000e+01,6.400000e-01
-1.215000e+01,6.475334e-01
-1.210000e+01,6.432667e-01
-1.205000e+01,6.421334e-01
-1.200000e+01,6.486000e-01
-1.195000e+01,6.540000e-01
-1.190000e+01,6.443334e-01
-1.185000e+01,6.518667e-01
-1.180000e+01,6.454000e-01
-1.175000e+01,6.507334e-01
-1.170000e+01,6.582667e-01
-1.165000e+01,6.432667e-01
-1.160000e+01,6.593333e-01
-1.155000e+01,6.271334e-01
-1.150000e+01,6.507334e-01
-1.145000e+01,6.152667e-01
-1.140000e+01,6.550667e-01
-1.135000e+01,6.475334e-01
-1.130000e+01,6.496667e-01
-1.125000e+01,6.271334e-01
-1.120000e+01,6.464667e-01
-1.115000e+01,6.378667e-01
-1.110000e+01,6.464667e-01
-1.105000e+01,6.636667e-01
-1.100000e+01,6.303334e-01
-1.095000e+01,6.550667e-01
-1.090000e+01,6.464667e-01
-1.085000e+01,6.464667e-01
-1.080000e+01,6.496667e-01
-1.075000e+01,6.733333e-01
-1.070000e+01,6.443334e-01
-1.065000e+01,6.475334e-01
-1.060000e+01,6.346667e-01
-1.055000e+01,6.464667e-01
-1.050000e+01,6.604667e-01
-1.045000e+01,6.550667e-01
-1.040000e+01,6.529334e-01
-1.035000e+01,6.368000e-01
-1.030000e+01,6.421334e-01
-1.025000e+01,6.368000e-01
-1.020000e+01,6.292667e-01
-1.015000e+01,6.303334e-01
-1.010000e+01,6.400000e-01
-1.005000e+01,6.443334e-01
-1.000000e+01,6.260667e-01
-9.950000e+00,6.443334e-01
-9.900000e+00,6.389334e-01
-9.850000e+00,6.400000e-01
-9.800000e+00,6.282000e-01
-9.750000e+00,6.024000e-01
-9.700000e+00,5.690666e-01
-9.650000e+00,5.120667e-01
-9.600000e+00,4.927333e-01
-9.550000e+00,4.562000e-01
-9.500000e+00,4.314667e-01
-9.450000e+00,4.142667e-01
-9.400000e+00,3.702000e-01
-9.350000e+00,3.282667e-01
-9.300000e+00,3.035333e-01
-9.250000e+00,2.766667e-01
-9.200000e+00,2.487333e-01
-9.150000e+00,1.863333e-01
-9.100000e+00,1.541333e-01
-9.050000e+00,1.422667e-01
-9.000000e+00,8.853333e-02
-8.950000e+00,6.060000e-02
-8.900000e+00,3.153333e-02
-8.850000e+00,-1.733333e-03
-8.800000e+00,-1.573333e-02
-8.750000e+00,-3.293333e-02
-8.700000e+00,-1.038667e-01
-8.650000e+00,-9.960000e-02
-8.600000e+00,-8.133333e-02
-8.550000e+00,-8.133333e-02
-8.500000e+00,-8.773334e-02
-8.450000e+00,-9.526667e-02
-8.400000e+00,-8.346666e-02
-8.350000e+00,-8.666667e-02
-8.300000e+00,-8.560000e-02
-8.250000e+00,-7.273334e-02
-8.200000e+00,-8.346666e-02
-8.150000e+00,-7.806667e-02
-8.100000e+00,-1.006667e-01
-8.050000e+00,-8.560000e-02
-8.000000e+00,-7.806667e-02
-7.950000e+00,-1.006667e-01
-7.900000e+00,-7.806667e-02
-7.850000e+00,-8.026667e-02
-7.800000e+00,-6.193333e-02
-7.750000e+00,-9.206667e-02
-7.700000e+00,-9.313334e-02
-7.650000e+00,-8.993334e-02
-7.600000e+00,-1.017333e-01
-7.550000e+00,-9.746667e-02
-7.500000e+00,-7.806667e-02
-7.450000e+00,-8.993334e-02
-7.400000e+00,-6.626667e-02
-7.350000e+00,-7.273334e-02
-7.300000e+00,-5.873333e-02
-7.250000e+00,-8.560000e-02
-7.200000e+00,-8.666667e-02
-7.150000e+00,-5.980000e-02
-7.100000e+00,-6.520000e-02
-7.050000e+00,-7.273334e-02
-7.000000e+00,-8.560000e-02
-6.950000e+00,-6.946667e-02
-6.900000e+00,-6.733333e-02
-6.850000e+00,-6.946667e-02
-6.800000e+00,-7.273334e-02
-6.750000e+00,-6.413333e-02
-6.700000e+00,-6.946667e-02
-6.650000e+00,-9.100000e-02
-6.600000e+00,-7.053334e-02
-6.550000e+00,-1.017333e-01
-6.500000e+00,-1.565333e-01
-6.450000e+00,-1.856000e-01
-6.400000e+00,-2.447333e-01
-6.350000e+00,-2.479333e-01
-6.300000e+00,-2.952667e-01
-6.250000e+00,-3.178000e-01
-6.200000e+00,-3.360667e-01
-6.150000e+00,-3.855333e-01
-6.100000e+00,-3.909333e-01
-6.050000e+00,-4.543333e-01
-6.000000e+00,-4.780000e-01
-5.950000e+00,-4.564667e-01
-5.900000e+00,-4.575333e-01
-5.850000e+00,-4.532667e-01
-5.800000e+00,-4.618667e-01
-5.750000e+00,-4.650667e-01
-5.700000e+00,-4.629333e-01
-5.650000e+00,-4.575333e-01
-5.600000e+00,-4.822667e-01
-5.550000e+00,-4.683333e-01
-5.500000e+00,-4.694000e-01
-5.450000e+00,-4.747334e-01
-5.400000e+00,-4.650667e-01
-5.350000e+00,-4.425333e-01
-5.300000e+00,-4.650667e-01
-5.250000e+00,-4.597333e-01
-5.200000e+00,-4.586667e-01
-5.150000e+00,-4.586667e-01
-5.100000e+00,-4.489333e-01
-5.050000e+00,-4.618667e-01
-5.000000e+00,-4.586667e-01
-4.950000e+00,-4.543333e-01
-4.900000e+00,-4.650667e-01
-4.850000e+00,-4.650667e-01
-4.800000e+00,-4.511333e-01
-4.750000e+00,-4.608000e-01
-4.700000e+00,-4.726000e-01
-4.650000e+00,-4.414667e-01
-4.600000e+00,-4.704667e-01
-4.550000e+00,-4.145333e-01
-4.500000e+00,-3.844667e-01
-4.450000e+00,-3.490000e-01
-4.400000e+00,-3.264000e-01
-4.350000e+00,-2.941333e-01
-4.300000e+00,-2.586667e-01
-4.250000e+00,-1.984667e-01
-4.200000e+00,-1.974000e-01
-4.150000e+00,-1.393333e-01
-4.100000e+00,-1.124667e-01
-4.050000e+00,-1.114000e-01
-4.000000e+00,-5.980000e-02
-3.950000e+00,-2.326667e-02
-3.900000e+00,4.000000e-04
-3.850000e+00,4.766667e-02
-3.800000e+00,7.886667e-02
-3.750000e+00,1.089333e-01
-3.700000e+00,1.455333e-01
-3.650000e+00,1.788667e-01
-3.600000e+00,2.003333e-01
-3.550000e+00,2.272000e-01
-3.500000e+00,2.680667e-01
-3.450000e+00,3.014000e-01
-3.400000e+00,3.067333e-01
-3.350000e+00,2.842000e-01
-3.300000e+00,2.960000e-01
-3.250000e+00,2.928000e-01
-3.200000e+00,3.056667e-01
-3.150000e+00,2.960000e-01
-3.100000e+00,2.970667e-01
-3.050000e+00,3.196667e-01
-3.000000e+00,2.938667e-01
-2.950000e+00,2.809334e-01
-2.900000e+00,3.024667e-01
-2.850000e+00,2.820667e-01
-2.800000e+00,2.884667e-01
-2.750000e+00,2.928000e-01
-2.700000e+00,3.100000e-01
-2.650000e+00,3.067333e-01
-2.600000e+00,2.917333e-01
-2.550000e+00,3.024667e-01
-2.500000e+00,2.960000e-01
-2.450000e+00,2.820667e-01
-2.400000e+00,2.992667e-01
-2.350000e+00,2.798667e-01
-2.300000e+00,2.917333e-01
-2.250000e+00,2.938667e-01
-2.200000e+00,2.960000e-01
-2.150000e+00,2.863333e-01
-2.100000e+00,2.992667e-01
-2.050000e+00,2.949333e-01
-2.000000e+00,3.035333e-01
-1.950000e+00,2.895333e-01
-1.900000e+00,3.089333e-01
-1.850000e+00,3.003334e-01
-1.800000e+00,3.014000e-01
-1.750000e+00,3.024667e-01
-1.700000e+00,2.863333e-01
-1.650000e+00,2.906667e-01
-1.600000e+00,3.003334e-01
-1.550000e+00,2.852667e-01
-1.500000e+00,3.196667e-01
-1.450000e+00,2.960000e-01
-1.400000e+00,2.970667e-01
-1.350000e+00,3.035333e-01
-1.300000e+00,3.100000e-01
-1.250000e+00,2.917333e-01
-1.200000e+00,2.928000e-01
-1.150000e+00,2.842000e-01
-1.100000e+00,3.067333e-01
-1.050000e+00,2.863333e-01
-1.000000e+00,2.777333e-01
-9.500000e-01,2.938667e-01
-9.000000e-01,2.863333e-01
-8.500000e-01,2.917333e-01
-8.000000e-01,2.970667e-01
-7.500000e-01,3.003334e-01
-7.000000e-01,3.100000e-01
-6.500000e-01,2.960000e-01
-6.000000e-01,2.928000e-01
-5.500000e-01,3.056667e-01
-5.000000e-01,3.035333e-01
-4.500000e-01,2.852667e-01
-4.000000e-01,2.938667e-01
-3.500000e-01,2.992667e-01
-3.000000e-01,2.970667e-01
-2.500000e-01,2.970667e-01
-2.000000e-01,2.960000e-01
-1.500000e-01,2.970667e-01
-1.000000e-01,2.863333e-01
-5.000000e-02,2.917333e-01
